{
  "id": "1647038",
  "name": "shopping-demo",
  "font_family": "iconfont",
  "css_prefix_text": "icon-",
  "description": "",
  "glyphs": [
    {
      "icon_id": "3216135",
      "name": "垃圾桶",
      "font_class": "icon--",
      "unicode": "e73d",
      "unicode_decimal": 59197
    },
    {
      "icon_id": "10232800",
      "name": "上箭头",
      "font_class": "shangjiantou",
      "unicode": "e791",
      "unicode_decimal": 59281
    },
    {
      "icon_id": "425652",
      "name": "我的",
      "font_class": "wode",
      "unicode": "e62b",
      "unicode_decimal": 58923
    },
    {
      "icon_id": "1306",
      "name": "购物车空",
      "font_class": "gouwuchekong",
      "unicode": "e600",
      "unicode_decimal": 58880
    },
    {
      "icon_id": "12975013",
      "name": "商品",
      "font_class": "shangpin",
      "unicode": "e634",
      "unicode_decimal": 58932
    }
  ]
}
